{
    "{\"period_sma\": 20, \"signal\": \"SMASignal\"}": {
        "SQN": {
            "sqn": 0.1765295517135906,
            "trades": 47
        },
        "VWR": {
            "vwr": 0.6953327800296437
        }
    },
    "{\"period_sma\": 25, \"signal\": \"SMASignal\"}": {
        "SQN": {
            "sqn": 0.5532871052681576,
            "trades": 43
        },
        "VWR": {
            "vwr": 2.1381635571620308
        }
    }
}